Time,City,State,Temperature,Temp Max,Temp Min,Air Quality,Wind,Humidity,Visibility,Pressure,Dew Point,UV Index,Status,Moon Phase,Sunrise,Sunset,Moonrise,Moonset,Sunny,Rain/Snow,Rain/Dr,Avg Rain,Avg Snow,Umbrella,Outdoors,Driving,Clothing,Heat Stroke,Wind Chill,Date,Weekday,Umbrella,Outdoors,Driving,Heat Stroke,Wind Chill,Umbrella,Driving,Clothing,Heat Stroke,Wind Chill,Date,Umbrella,Outdoors,Driving,Heat Stroke,Wind Chill
7:00,Chicago,TX,12.6,28.2,5.0,Unhealthy,35 km/h,99%,6 km,1036.9 hPa,16.8°C,6,Cloudy,Last Quarter,7:38 AM,8:39 PM,5:24 PM,8:55 AM,Yes,73.7 mm,31.0 mm,3.7,No,No,Yes,Heavy,Low,-7.8°C,2024-08-15,Wednesday,No,No,No,High,1.8°C,No,Yes,No,High,3.0°C,Yes,Yes,Yes,Low,-3.4°C,,
19:00,Houston,CA,28.6,31.4,3.6,Good,0 km/h,12%,2 km,1012.8 hPa,14.0°C,9,Clear,First Quarter,7:55 AM,8:41 PM,6:54 PM,7:42 AM,No,52.8 mm,30.8 mm,7.3,Yes,Yes,Yes,Moderate,High,-3.8°C,2024-08-15,Sunday,No,Yes,No,Low,-0.8°C,No,No,No,High,-1.5°C,Yes,Yes,Yes,Low,-0.9°C,,
17:00,Chicago,AZ,32.2,30.9,6.4,Unhealthy,54 km/h,16%,10 km,1002.5 hPa,11.2°C,11,Cloudy,Last Quarter,5:08 AM,7:15 PM,6:25 PM,6:28 AM,No,57.9 mm,37.1 mm,6.3,No,Yes,No,Moderate,Low,9.1°C,2024-08-15,Wednesday,Yes,No,Yes,High,5.5°C,No,No,Yes,Low,-6.5°C,No,No,Yes,High,3.6°C,,
14:00,New York,IL,24.2,24.0,3.4,Good,44 km/h,64%,1 km,970.5 hPa,22.2°C,2,Clear,First Quarter,7:34 AM,8:42 PM,6:01 PM,6:58 AM,Yes,31.2 mm,69.9 mm,6.4,Yes,Yes,Yes,Heavy,High,-8.0°C,2024-08-15,Saturday,No,No,Yes,Low,-7.2°C,No,No,Yes,Low,4.7°C,No,No,No,High,4.0°C,,
16:00,Chicago,IL,17.3,10.7,1.1,Good,23 km/h,94%,7 km,997.9 hPa,11.2°C,7,Cloudy,New Moon,7:00 AM,8:34 PM,5:38 PM,5:35 AM,Yes,11.0 mm,31.4 mm,1.3,No,Yes,No,Moderate,High,-5.0°C,2024-08-15,Sunday,Yes,Yes,No,High,0.0°C,No,Yes,No,High,-7.2°C,No,No,No,Low,-4.1°C,,
21:00,Chicago,IL,31.8,20.4,2.3,Moderate,19 km/h,31%,1 km,1033.2 hPa,8.0°C,3,Cloudy,Last Quarter,7:52 AM,6:44 PM,5:56 PM,7:49 AM,No,10.6 mm,80.2 mm,9.5,Yes,No,Yes,Light,Low,4.3°C,2024-08-15,Tuesday,Yes,No,Yes,Low,6.5°C,No,Yes,Yes,Low,-9.5°C,No,Yes,No,High,9.8°C,,
12:00,Houston,TX,11.3,23.1,1.8,Good,72 km/h,99%,4 km,1041.9 hPa,6.2°C,8,Cloudy,New Moon,6:08 AM,8:05 PM,5:23 PM,6:46 AM,No,77.3 mm,40.9 mm,5.7,Yes,Yes,Yes,Light,High,2.9°C,2024-08-15,Sunday,No,Yes,Yes,Low,-6.2°C,Yes,Yes,No,High,-4.2°C,Yes,Yes,No,Low,-8.2°C,,
9:00,New York,AZ,11.3,33.6,3.4,Unhealthy,38 km/h,13%,2 km,1014.8 hPa,24.2°C,10,Cloudy,First Quarter,6:47 AM,7:58 PM,5:31 PM,8:06 AM,Yes,58.0 mm,27.7 mm,8.7,Yes,Yes,No,Moderate,Low,7.1°C,2024-08-15,Monday,Yes,No,Yes,High,-6.8°C,Yes,No,No,High,-9.4°C,Yes,No,Yes,High,0.4°C,,
3:00,Phoenix,NY,22.0,10.9,6.8,Moderate,30 km/h,63%,1 km,1025.1 hPa,24.9°C,5,Clear,New Moon,5:30 AM,6:30 PM,6:55 PM,5:45 AM,No,35.5 mm,57.3 mm,9.8,Yes,No,No,Heavy,Low,-2.8°C,2024-08-15,Sunday,No,Yes,No,Low,-9.4°C,No,Yes,No,Low,-8.8°C,Yes,Yes,Yes,High,1.4°C,,
18:00,New York,TX,15.3,12.5,9.8,Good,66 km/h,42%,1 km,953.5 hPa,6.3°C,1,Rainy,Full Moon,7:05 AM,7:19 PM,6:18 PM,6:02 AM,Yes,91.8 mm,91.4 mm,1.0,No,No,No,Light,Low,-5.1°C,2024-08-15,Wednesday,No,No,Yes,Low,-4.7°C,No,No,Yes,High,-7.9°C,Yes,No,No,Low,4.1°C,,
17:00,New York,CA,31.1,34.8,1.3,Good,11 km/h,37%,10 km,1021.6 hPa,21.5°C,4,Snowy,New Moon,7:41 AM,5:18 PM,7:13 PM,8:55 AM,Yes,84.3 mm,24.8 mm,5.8,No,Yes,No,Heavy,High,6.9°C,2024-08-15,Friday,No,Yes,No,Low,6.9°C,No,Yes,Yes,Low,4.3°C,Yes,Yes,No,High,-2.3°C,,
0:00,Houston,NY,13.9,33.3,7.6,Moderate,73 km/h,17%,7 km,995.2 hPa,13.7°C,10,Rainy,Full Moon,5:52 AM,6:00 PM,6:01 PM,7:13 AM,No,42.7 mm,10.1 mm,0.8,Yes,No,Yes,Heavy,Low,-3.2°C,2024-08-15,Monday,No,No,No,Low,-6.2°C,Yes,Yes,Yes,High,1.1°C,No,Yes,No,High,8.0°C,,
9:00,Houston,IL,21.7,32.3,9.8,Unhealthy,72 km/h,11%,9 km,951.3 hPa,4.1°C,5,Rainy,Last Quarter,5:42 AM,8:18 PM,5:22 PM,7:12 AM,No,20.7 mm,81.3 mm,8.2,Yes,Yes,Yes,Light,Low,6.3°C,2024-08-15,Wednesday,Yes,No,Yes,High,0.8°C,No,No,No,Low,-4.2°C,Yes,Yes,Yes,Low,7.1°C,,
17:00,Houston,IL,32.7,27.8,7.6,Good,13 km/h,3%,7 km,973.8 hPa,20.9°C,10,Clear,Last Quarter,5:04 AM,7:26 PM,6:36 PM,8:51 AM,Yes,34.5 mm,7.9 mm,8.4,No,No,No,Moderate,Low,-7.2°C,2024-08-15,Friday,Yes,No,No,High,0.7°C,Yes,Yes,Yes,High,5.7°C,Yes,No,No,Low,-7.9°C,,
19:00,Chicago,AZ,14.2,26.2,1.1,Unhealthy,98 km/h,26%,8 km,1031.7 hPa,11.1°C,2,Rainy,Last Quarter,5:43 AM,8:24 PM,5:51 PM,7:15 AM,Yes,9.5 mm,70.5 mm,1.1,Yes,No,Yes,Light,High,6.3°C,2024-08-15,Tuesday,No,Yes,No,High,9.0°C,Yes,Yes,Yes,Low,6.6°C,Yes,No,No,High,-6.2°C,,
6:00,Houston,AZ,19.1,14.1,3.7,Good,99 km/h,54%,2 km,1021.1 hPa,2.7°C,3,Rainy,New Moon,6:04 AM,5:30 PM,6:40 PM,5:17 AM,Yes,4.1 mm,39.7 mm,8.7,Yes,No,No,Moderate,Low,8.9°C,2024-08-15,Wednesday,No,Yes,Yes,High,-1.1°C,Yes,No,No,Low,-1.7°C,No,No,Yes,Low,6.8°C,,
7:00,Houston,CA,20.4,19.9,0.3,Moderate,88 km/h,40%,9 km,1033.3 hPa,18.1°C,0,Cloudy,New Moon,7:02 AM,8:26 PM,5:44 PM,6:56 AM,Yes,32.2 mm,34.6 mm,4.1,Yes,Yes,No,Heavy,High,-4.1°C,2024-08-15,Friday,Yes,No,Yes,High,-10.0°C,Yes,No,No,High,-8.0°C,No,No,Yes,High,0.1°C,,
7:00,Houston,AZ,14.7,24.7,4.3,Good,4 km/h,45%,2 km,1032.6 hPa,2.0°C,11,Rainy,First Quarter,5:00 AM,5:33 PM,7:19 PM,6:54 AM,Yes,84.1 mm,40.4 mm,4.1,No,No,Yes,Moderate,High,-1.5°C,2024-08-15,Monday,No,Yes,Yes,High,-5.3°C,No,Yes,No,Low,-4.2°C,Yes,Yes,Yes,High,-0.2°C,,
3:00,Houston,CA,33.8,31.8,2.0,Moderate,90 km/h,45%,6 km,1030.8 hPa,13.6°C,3,Snowy,New Moon,5:42 AM,7:33 PM,5:36 PM,7:21 AM,Yes,73.7 mm,79.1 mm,0.9,No,Yes,Yes,Light,Low,8.1°C,2024-08-15,Thursday,Yes,No,Yes,High,-8.2°C,Yes,No,Yes,Low,7.0°C,No,No,No,Low,-6.7°C,,
22:00,Los Angeles,IL,14.6,34.4,8.5,Good,3 km/h,60%,8 km,1013.2 hPa,13.2°C,9,Clear,Full Moon,5:25 AM,8:43 PM,6:13 PM,7:15 AM,Yes,44.5 mm,45.6 mm,8.2,Yes,Yes,No,Heavy,Low,-8.8°C,2024-08-15,Wednesday,Yes,No,Yes,High,5.7°C,No,Yes,No,High,-0.5°C,No,No,Yes,High,-1.5°C,,
9:00,Phoenix,NY,19.7,31.3,8.1,Moderate,67 km/h,20%,9 km,1023.4 hPa,10.0°C,0,Snowy,First Quarter,6:06 AM,8:10 PM,6:27 PM,6:04 AM,Yes,17.1 mm,18.5 mm,5.7,No,Yes,No,Moderate,High,-1.7°C,2024-08-15,Wednesday,No,Yes,No,High,5.9°C,No,Yes,Yes,High,-8.3°C,Yes,No,No,High,3.0°C,,
20:00,New York,TX,26.3,34.2,7.5,Unhealthy,4 km/h,19%,5 km,968.3 hPa,14.4°C,7,Snowy,First Quarter,5:38 AM,8:15 PM,7:10 PM,7:31 AM,No,13.2 mm,37.5 mm,1.5,Yes,Yes,Yes,Moderate,Low,0.2°C,2024-08-15,Thursday,Yes,Yes,No,Low,7.3°C,No,No,Yes,Low,-7.2°C,No,No,No,Low,-8.5°C,,
5:00,Phoenix,TX,30.2,11.3,4.1,Unhealthy,36 km/h,37%,2 km,985.5 hPa,24.1°C,5,Snowy,Last Quarter,5:58 AM,5:53 PM,7:14 PM,7:28 AM,Yes,25.0 mm,10.6 mm,9.5,No,Yes,Yes,Moderate,High,-2.5°C,2024-08-15,Saturday,Yes,Yes,No,High,8.6°C,No,Yes,Yes,Low,0.6°C,Yes,No,No,High,-9.4°C,,
4:00,New York,CA,25.1,16.2,8.2,Unhealthy,66 km/h,21%,5 km,957.1 hPa,13.8°C,0,Clear,New Moon,5:44 AM,7:00 PM,5:42 PM,5:14 AM,No,73.6 mm,35.0 mm,0.3,Yes,No,No,Light,Low,-8.5°C,2024-08-15,Thursday,No,No,No,Low,-7.7°C,Yes,Yes,Yes,Low,9.9°C,No,No,Yes,High,7.2°C,,
1:00,Chicago,TX,25.0,19.4,0.3,Good,16 km/h,80%,7 km,952.4 hPa,12.1°C,6,Cloudy,New Moon,7:34 AM,8:00 PM,6:36 PM,8:30 AM,Yes,61.4 mm,54.6 mm,0.8,Yes,Yes,Yes,Heavy,High,4.7°C,2024-08-15,Friday,Yes,Yes,Yes,High,4.1°C,Yes,No,No,Low,-4.8°C,No,No,Yes,High,-1.4°C,,
18:00,Los Angeles,AZ,14.7,29.4,1.9,Moderate,35 km/h,29%,10 km,1033.1 hPa,13.4°C,3,Snowy,New Moon,7:17 AM,8:46 PM,6:34 PM,5:01 AM,No,22.3 mm,36.6 mm,8.8,No,No,No,Moderate,High,-5.5°C,2024-08-15,Tuesday,Yes,Yes,No,High,-2.2°C,Yes,No,No,Low,-8.6°C,No,No,Yes,Low,4.9°C,,
14:00,Phoenix,AZ,21.0,14.6,7.3,Moderate,47 km/h,15%,7 km,1000.2 hPa,2.3°C,3,Rainy,New Moon,6:47 AM,8:30 PM,5:29 PM,7:04 AM,Yes,5.6 mm,6.2 mm,0.5,Yes,No,Yes,Light,Low,-2.4°C,2024-08-15,Monday,Yes,No,No,Low,2.2°C,Yes,No,No,High,-0.0°C,Yes,No,Yes,High,-1.9°C,,
9:00,Houston,AZ,17.8,30.8,7.0,Moderate,87 km/h,66%,8 km,1032.1 hPa,7.4°C,6,Snowy,New Moon,6:04 AM,5:04 PM,7:00 PM,6:12 AM,Yes,55.7 mm,33.5 mm,0.8,Yes,No,Yes,Light,High,5.6°C,2024-08-15,Tuesday,No,Yes,Yes,Low,5.5°C,No,Yes,No,Low,-7.1°C,Yes,Yes,No,Low,-8.9°C,,
16:00,Los Angeles,NY,30.9,11.3,1.5,Moderate,40 km/h,84%,9 km,995.5 hPa,14.4°C,0,Snowy,First Quarter,5:41 AM,5:54 PM,5:47 PM,6:06 AM,No,19.8 mm,19.9 mm,9.8,No,No,Yes,Heavy,High,-6.1°C,2024-08-15,Friday,Yes,Yes,Yes,High,9.4°C,Yes,No,Yes,Low,2.0°C,Yes,Yes,No,Low,-1.4°C,,
